INSERT INTO CAR_MODEL
VALUES('Accord', '2015', 'Honda');
INSERT INTO CAR_MODEL
VALUES('Bronco Sport', '2020', 'Ford');
INSERT INTO CAR_MODEL
VALUES('Altima', '2012', 'Nissan');
INSERT INTO CAR_MODEL
VALUES('Versa', '2022', 'Nissan');
INSERT INTO CAR_MODEL
VALUES('Pathfinder', '2020', 'Nissan');

INSERT INTO CAR_CLASS
VALUES(1, 30.99, 120.99);
INSERT INTO CAR_CLASS
VALUES(2, 18.00, 75.00);
INSERT INTO CAR_CLASS
VALUES(3, 49.99, 179.99);
INSERT INTO CAR_CLASS
VALUES(4, 23.99, 99.99);
INSERT INTO CAR_CLASS
VALUES(5, 24.99, 84.99);

INSERT INTO BRANCH
VALUES(1, '142 Jefferson Way, Newark, NJ', '18624430011');
INSERT INTO BRANCH
VALUES(2, '683 Tinc Road, Glen Ridge, NJ', '19735452899');
INSERT INTO BRANCH
VALUES(3, '1444 Warrior Court, Parsippany, NJ', '19731231234');
INSERT INTO BRANCH
VALUES(4, '50 Fifth Street, Princeton, NJ', '14643329681');
INSERT INTO BRANCH
VALUES(5, '310 Violet Road, Miami, FL', '12345678901');

INSERT INTO CREDIT_CARD
VALUES('378282246310005', 'American Express', '24', '10', '247 Broad Street, Milford, CT');
INSERT INTO CREDIT_CARD
VALUES('371449635398431', 'American Express', '26', '02', '300 County 12 Rte, Antwerp, NY');
INSERT INTO CREDIT_CARD
VALUES('6011000990139424', 'Discover', '22', '06', '273 Newell Ave, Bronston, KY');
INSERT INTO CREDIT_CARD
VALUES('5105105105105100', 'MasterCard', '28', '08', '1707 Boones Lick Rd, Saint Charles, MO');
INSERT INTO CREDIT_CARD
VALUES('4111111111111111', 'Visa', '26', '12', '516 Armstrong Rd, Seagoville, TX');

INSERT INTO CUSTOMER
VALUES('146825129', 'Connecticut', 'John', 'A', 'Doe', '378282246310005');
INSERT INTO CUSTOMER
VALUES('123 456 789', 'New York', 'Joan', 'B', 'Doe', '371449635398431');
INSERT INTO CUSTOMER
VALUES('V12-345-678', 'Kentucky', 'Adam', 'C', 'Perez', '6011000990139424');
INSERT INTO CUSTOMER
VALUES('F050256006', 'Missouri', 'Elizabeth', 'D', 'Dalton', '5105105105105100');
INSERT INTO CUSTOMER
VALUES('17600550', 'Texas', 'Mary', 'E', 'Jane', '4111111111111111');

INSERT INTO CAR
VALUES('YU4F2RS3OIVU05E8M', 1, 'Accord', '2015', 1);
INSERT INTO CAR
VALUES('BBYC02E1P3ZUBXGWT', 2, 'Bronco Sport', '2020', 2);
INSERT INTO CAR
VALUES('L66PTPJY0G7WF9N8L', 3, 'Altima', '2012', 3);
INSERT INTO CAR
VALUES('0QVNXJYVDXMPFZPQB', 4, 'Versa', '2022', 4);
INSERT INTO CAR
VALUES('VQ669O2SZGI6BQKMG', 5, 'Pathfinder', '2020', 5);
INSERT INTO RESERVATION
VALUES(1, TIMESTAMP('2012-03-18 14:35:00'), TIMESTAMP('2012-03-18 14:35:00'), 1, 1, '146825129');
INSERT INTO RESERVATION
VALUES (2, TIMESTAMP('2015-12-21 16:10:00'), TIMESTAMP('2015-12-21 16:45:00'), 2, 2, '123 456 789');
INSERT INTO RESERVATION
VALUES(3, TIMESTAMP('2020-08-01 07:38:00'), TIMESTAMP('2020-08-01 8:15:00'), 3, 3, 'V12-345-678');
INSERT INTO RESERVATION
VALUES(4, TIMESTAMP('2019-01-04 12:00:00'), TIMESTAMP('2019-01-04 12:20:00'), 4, 4, 'F050256006');
INSERT INTO RESERVATION
VALUES(5, TIMESTAMP('2022-04-10 08:51:00'), TIMESTAMP('2022-04-10 09:47:00'), 5, 5, '17600550');

INSERT INTO AGREEMENT
VALUES(1, TIMESTAMP( '2012-03-18 15:35:00'), TIMESTAMP( '2012-03-24 15:35:00'), 56123, 56234, 1, 'YU4F2RS3OIVU05E8M');
INSERT INTO AGREEMENT
VALUES(2, TIMESTAMP( '2021-12-21 16:00:00'), TIMESTAMP( '2021-12-28 16:00:00'), 12345, 13101, 2, 'BBYC02E1P3ZUBXGWT');
INSERT INTO AGREEMENT
VALUES(3, TIMESTAMP( '2022-04-01 12:00:00'), TIMESTAMP( '2022-04-15 12:00:00'), 20392, 20423, 3, 'L66PTPJY0G7WF9N8L');
INSERT INTO AGREEMENT
VALUES(4, TIMESTAMP( '2021-05-20 10:00:00'), TIMESTAMP( '2021-05-27 10:00:00'), 100652, 100781, 4, '0QVNXJYVDXMPFZPQB');
INSERT INTO AGREEMENT
VALUES(5, TIMESTAMP( '2021-01-03 11:00:00'), TIMESTAMP( '2021-01-10 11:00:00'), 5829, 5970, 5, 'VQ669O2SZGI6BQKMG');